"HolderAddress","Balance","PendingBalanceUpdate"
"0x00000000009726632680fb29d3f7a9734e3010e2","77.5168813169271","No"
"0x000000000a38444e0a6e37d3b630d7e855a7cb13","9.137E-15","No"
"0x000000e28faa823d5b53ff6c2922c28335840375","3.047566943901E-06","No"
"0x00080000158a9930aeb508823103b0a977161c47","6.0712362266321E-05","No"
"0x0067fa704199bb46761d187bbfc036f0131cd81d","3.644887821324E-06","No"
"0x00da5ec869243da8efe413662ab8362d94a56d63","0.945943892317746","No"
"0x00fad01f05cd6452cae619e8ea860f2452975b4b","1000.0000743456","No"
"0x01f89316a774ba0400591fab6a9ae30d29fd3b7d","0.232003434594633","No"
"0x023a17b35f14d661a9cabc79c53b32e5a3e5aa61","88.6677660831767","No"
"0x023d3483e558c08314215297038aee2a02f29bec","148.08091228012","No"
"0x02f10a93e67cb56d710ba9fb179e44f368f5050e","3.464690974621E-06","No"
"0x0376fa82676fa0dc8842b7b843682ac2f82afc0a","9.2344564459202E-05","No"
"0x038b48fe89ff49c30d261372b857110dc8b831a6","0.366442263092533","No"
"0x03ebb75a6470a02f6ccdf92672f027b7b73b7aea","334.953114436988","No"
"0x03f8420b1754b086ed30543f071fbd8282c5fa84","7.146186970379E-06","No"
"0x04a475e282f003d50c2f58344dc74a35d602be55","2503.81720922366","No"
"0x050f788d09395724777a67dd08be127cf70dd238","4.418E-15","No"
"0x053ab16a247321e312f3a8a2a0a8abda48707241","6.48359402235446","No"
"0x055f5f8650b82a9a7aeeb124a67eeff4d8f2515f","8982.01213002138","No"
"0x0585c0d0aedf071a07992ad650bdc047cef0c04f","8.34003286256E-07","No"
"0x05a4448597935c508e4ad0d2cf56d56bedb246ce","1.71999645092833","No"
"0x0740655604a8d15dafd78d4dfb335f4e8016b369","9.687612510687E-06","No"
"0x07d87927757311b040357b49cd42a287751e4e9c","4.20196857050542","No"
"0x07ddb647e0100b915d39f4126781d58755a82c19","3.314254902162E-06","No"
"0x08aa69a2b79ad169da3ad4a582c6eb67bae3fa95","374.943907115444","No"
"0x08dd47d6689307e1f599972e32f3c0a36997dc14","1554.46575079779","No"
"0x092f7a56955b7f3f945bf93cbe47696e29b355a0","261.701992472833","No"
"0x09557ca967cc0756acf80787df0318a6cb74ac81","1148.22898687932","No"
"0x096c662279e30e6ef44c98710cc1336b859a5603","98.338129229367","No"
"0x09efc5154239c41a4507d36e6071fbc6c3d02c34","1.08517637812E-07","No"
"0x0a3a1ec7cf57cb920c66b4b4e7956a0bd0234cbd","3.1586278924E-07","No"
"0x0a787a5d6a18282246e4e01e0bffe2e0dd893615","6.938529868137E-06","No"
"0x0b0c47ceed36de03ff44cb0739a0c1edc5bd7e9c","117.243266288801","No"
"0x0c11692f32ec932974a069a240b0c404ef309874","13.7409039627282","No"
"0x0c6cfa72cc787d8e965492c844cc80bfdbdf2c8b","0.00254896300425546","No"
"0x0d3562d8022996c016916e4bc51bea5b261777da","7.015974333113E-06","No"
"0x0d527d22d4d361525bfef59d6aaa753fc20e2fdc","7.868251856078E-05","No"
"0x0dde64678996dda39e0b452bb3741eca874e9432","4.8399568113E-07","No"
"0x0e1b005d9d0037e18b95ef6b1ca46ddfd46a2185","3264.45406807122","No"
"0x0e6c677d8a38bf7133fa79d961d800171c26bb45","3.22478598196E-07","No"
"0x0e8d670d40f8784c7ebb1f1a67902a6086f5f87c","3.273423998117E-06","No"
"0x0e92719a9781a0965029d26576b68b8d962da919","621.667918561058","No"
"0x0e97868ebafaab23d53f3dcdec52fcba0cc068d8","2.7302508559107E-05","No"
"0x0ec8c81ef6b7455517d84864ca2e60a177439ff6","0.000355251570246308","No"
"0x0ec9a2b522bac8f7fe0cc80cfe9246e0194bae1e","0.658093269895167","No"
"0x0eeffd8e38e325c858fa8e5e7099183f805751a4","0.978618974145215","No"
"0x0ef835f9243f220aaf63690432853cf39ea5aa35","6748.43593535562","No"
"0x0f03cf92ecbcffd38c6e9691b2352e1228cba55c","1271.37718209305","No"
"0x0f7b794f6d532e7b4b9e82f55b36566e668f8d4a","25726.9676904403","No"
"0x0fdf4c4e7b963a5afe7815d34aea7429af2aee43","29939.4634866415","No"
"0x103965366324831e7dc1eb812c09f6288ec62de0","1667.40053468237","No"
"0x10994c5775c2a825e15bc016fb03dec068a650ac","56.3084999890182","No"
"0x109d57a256dab8a72f16b066c2ef7ae61066bfba","13917.6536834735","No"
"0x10e19ba32927b28eb5424f7b6a3e2eaa5a607f47","4222.38684546483","No"
"0x11aff4f1ab8bbe4aaa32af2d2bb68d6c211fc040","3.213119567738E-06","No"
"0x11b1785d9ac81480c03210e89f1508c8c115888e","7.2429754726E-08","No"
"0x12093977a68a38e0452f7ab6e6871479f01a975a","3470.00814795421","No"
"0x120f32fe98dbbaa57880171f5e82b51560f3c6a6","1.8693561145877E-05","No"
"0x12d953f46cf1a06b6e6450859746b62227f10193","63207.1835080195","No"
"0x12e4b4a2eb1fb5ba2d10a7dc482c00d4aa04460d","0.000108592115726654","No"
"0x12ff3064a07746462d53958f1f6cf9285eb9cb90","3.778632229826E-06","No"
"0x13d6edab621aac3cbb089dcc22b91e026bdc8a57","256.071916412049","No"
"0x1431ba2d4e5c5ed4bf6e8da41880a7e3b43da32d","1.35550566825E-07","No"
"0x143e43d09b5165b953fde3f187b986ae257fa9d0","613.812124823574","No"
"0x145d729eae53dea212ce970558d6eb1846d15d20","0.000799759456693571","No"
"0x146eb7ba20c4bf9f57726c201d04a6c015d85408","6000","No"
"0x14948f3bdd23c8a56345ac3af60f266939e92e0a","9.018398303947E-05","No"
"0x1496961c0da108be9689407edaa90cf417fdc41c","6.8695287481196E-05","No"
"0x14afc818def59832b06790a8dfc7c834a36e3847","0.0688806781063811","No"
"0x14c8a154d39d804faf6f7c160ff88b6e5179f6a2","7.9594363563803E-05","No"
"0x14e3851602229456ce6945deac915c9b2a132508","4.0043168444581E-05","No"
"0x151777183602edb83519f0a0598500a9d2ee41a5","7.56950787405E-07","No"
"0x15abba6c43baf6a465216947a701a93e2e37ff35","420.110865175909","No"
"0x15cce5a86dbec5bca10267f93043b3fe8c8e53bf","9.656093508199E-06","No"
"0x16a82ea728ddeb3eba62308a54d17c7181e61bd2","7.294915615349E-06","No"
"0x16c2776c95e3ee35293689e9be860f2e0b611ea1","8870.71926061015","No"
"0x16e95f6bf27f0b16b19ad7d07635e69c49897272","0.000333368864566612","No"
"0x17301aa866a6ffee762c51134934924d2727b35e","0.00034005495433307","No"
"0x17e0b2afa40b10166ca06c2b03cd3be4a3534f00","4.83E-15","No"
"0x1853dc4fbfe3b29012ac6df6ca44b4fca0aa1959","9.0787580787359E-05","No"
"0x186b12ceaf08fde22e32647fcc800e45876f5bd0","7.043540462999E-06","No"
"0x189d81b32b847d94b12317c2fa64199d7cf506bb","2.7448E-14","No"
"0x18d9512564fd45bff1e1b45ad7d7c2267bd07b8c","1.794135371845E-06","No"
"0x18fdd3197f863e30c0b7654134e681f96e2a7343","385.325927855941","No"
"0x19e7feccdbeef55cdf6640ae0ed987fdb7764a5c","4.5611950192436E-05","No"
"0x1a03e64f1fb61076392c3929ad6e975e22c4f77d","0.000159792563835607","No"
"0x1a1505a99f26425fe88bc364c24b18798a9044bc","0.000538094075087021","No"
"0x1ac976e61b562cc7042228e0614872eb29bea0dc","7.3601478950681E-05","No"
"0x1b0f4adbd4c87979509419487d575c5275b84a09","9.9262428584917E-05","No"
"0x1b45fea31336c7fa2e527901a1549c50a866767a","5.7847367466622E-05","No"
"0x1b5049099a28b0d1664e2ee032e7bcf5a4bb9c2d","2402.42356511003","No"
"0x1b9750edad7713fdbbe7b25e88d3414cd48580fe","2.5720625516732E-05","No"
"0x1bfbdb565b6c86d2ec36a23599151c514af9eee1","3.016332443395E-06","No"
"0x1c05b2cb0886fc3265ccafc625deef4084dc4e16","2.9979260007671E-05","No"
"0x1c0a14d97a42438606796701883fc971159017cd","1.742928700413E-06","No"
"0x1c223f9183a753a5b5303e5131bcc067b149566c","25000","No"
"0x1c63f5d6e48b3a832efcfa9dbb97a38d26577909","1.0323623438E-08","No"
"0x1dbc9d6020f036f7e119341c3800baf4f1380739","356.631711612511","No"
"0x1e666c778cc5675d6d69781609c5b4839dea39cc","1000","No"
"0x1ed51349c44f6bebd000b180a2c7e972934b59ea","41634.526264854","No"
"0x1ef176037a4224dd502016a1b9ab6382e91e6a98","7.992085890712E-06","No"
"0x1f6643d0da36bc5b4471de384636590ea34c64e9","218.885822001291","No"
"0x1fbf4789ac39de79936ccc29fa6789db6848a275","9.466400071177E-06","No"
"0x20829158433b66d1125d3ee755df19bd769ade0c","1000.00004123747","No"
"0x208c78c4491b3aaa18025894dca4571e8efbb0d6","8.692453150094E-06","No"
"0x212029b7eb67fa04d95d5816a71e466c5dfd5324","0.00916176114983695","No"
"0x2151cf5da5521d1a972b2fabd376f6592537f0df","2265.42248251305","No"
"0x2164d6b2ef215a4f46912bdd18f27a25041ebe29","1.283E-14","No"
"0x221dc6c093df89def0ccdb5d16bee25d5bbf2b0e","40000.7706496604","No"
"0x2228c185db5d758be6c12e9c2dbb494242e582b9","1116.60425717603","No"
"0x227f21a134d782ad7b733dad3bf697fa8be378b4","0.000384141742152605","No"
"0x22c51b20b6a51908158d667c6922ba52b6c20ae3","0.000793326390112264","No"
"0x2334d412da299a21486b663d12c392185b313aaa","266.876335993667","No"
"0x23c9db00cd2c000679aa98113d3223c5a467dd1f","8632.2517672576","No"
"0x24181ee91fb96328edfe305a31019cdd2c536fa5","6.6673884059168E-05","No"
"0x24298ff17f46df37cf4036393e37418c21648552","801.998121124774","No"
"0x2457018be55fff73335440c5218901cfbe55f1d6","342.59459163576","No"
"0x24704aff49645d32655a76df6d407e02d146dafc","8366303.20468596","No"
"0x25005b3f6402ab7f5e4f8cb293a50a9020aadc99","418.31020816617","No"
"0x25037808ff1fdb04e07d286f25e6c629a34c1eec","1.912356733377E-06","No"
"0x252b0d1c7077894e5ba58b22c83118b26805e6b5","8.57773159547024","No"
"0x253f6d6c6686664c8fbe8296668933857b88c151","1101.89561730275","No"
"0x25d85fdeb272487c5947d6b9f932a4317fb74e79","4.5437546208931E-05","No"
"0x25d9d6f36fb3773b98284624e2a58c0cb3c98cd4","3.45699926381E-07","No"
"0x262985fb5c8a48494cb382e481e9acc717515999","4.06500383273E-07","No"
"0x263dc7d3df7434547f5f32ca0256c7d201d83b9f","3.651839887294E-06","No"
"0x26873cbf6b70f9f59a24f27d8c6ec42025069a56","4.0808733654162E-05","No"
"0x268ce53861d37098d919ecae0f2d7245f203fd3a","27103.7115157529","No"
"0x272e6f394c4f83d56923646873bae4a41b703cd9","18888.6707922691","No"
"0x281c76c0f963ee60b1aca4420d5b49d407f2c075","8.27627518394E-07","No"
"0x28f26cba9ac6baea9fa3341038ac5e1d64fcf1fa","2.339362938764E-06","No"
"0x29154b2ae9be39c7cbbefdf67e10450465563717","2.1898848842983E-05","No"
"0x2949e2cfaae6e54091071ce38579009fbd25e722","6.796668109839E-06","No"
"0x2a14bf63d2924a9a57ecb8ce4fe5c5f61857c210","50000","No"
"0x2a9c56fc5f2f34925f7408bfa60f35748390e631","5.970911518658E-06","No"
"0x2ab820a1793c72c4874672b3703a3b8ad3fcdba0","198664.264262479","No"
"0x2af3807a8ec20376ea23b7f003c5b1635ac28ef7","9.6641576124701E-05","No"
"0x2b0702efed0349ad7f4c73a0560c6698d52ace4e","906.350746063109","No"
"0x2bf78e03da92f892620526ede1711318be4b1afd","7.512670167734E-06","No"
"0x2c5650f9ebe5e584a525e425125fd02a64c88285","2664.7464046412","No"
"0x2c75fed6694a9011344502f443dae9c52a1d6024","4.29111223299E-07","No"
"0x2c97bb6058e7a7f61768464aae86470d9ba57421","1.286966197044E-06","No"
"0x2d251d48db751385c1c22e0e8d937a372018eb8c","6663.93206275582","No"
"0x2d3e4170c82070628c57fe8ff36c4c3da743ddfc","4.666126185843E-06","No"
"0x2d6b076dd8f97d37a9be4f3dde7a380d3e1659fa","8.4913446961475E-05","No"
"0x2d8723607d07c48f0ce164ac134de42115c1d110","0.000993387729345909","No"
"0x2dec3b086544d6e656ef780380b394682d87544b","2.41845300749E-06","No"
"0x2e5db856c46b15ddd408c40d3e21d06315cb2372","9.87769477036E-07","No"
"0x2e89a80058045605bee9f9a39d5119479b30edbd","4.9232788644344E-05","No"
"0x2eaa7327e9b5ff46bc2b7452ace9e44a1528eb84","275.758168186554","No"
"0x2f071c9571c36f2175981a3472b88304039ece26","411.645397613727","No"
"0x2ff2011f538ea8dfdc2af2d40eb42add07536c1f","1.0292197583329E-05","No"
"0x305e5d785eb274832a68745fda66a70b1ad2c635","228181.272225382","No"
"0x30709180d8747e5bc0bd6e1bff51baedab31328d","3780.86345706439","No"
"0x3127bfa8cfe2e7909c0e4e9720271d8e7b0c0501","385.992472248513","No"
"0x31ce4ae28d04791f8da6e3810cea7d151c429498","74.8083416370928","No"
"0x31d1c2462b080dc5407a67535f0f51c080210e35","7.940982197299E-06","No"
"0x31d26b8cc5af90ab54d1469093a6d2fb0c764b3c","26027.0757511511","No"
"0x31e3c86699dd171d65603d303afdcb35c7d7d0e0","0.00498874685902966","No"
"0x321960abd388457be9da2e0e4067737892122d8c","9.26656595231E-07","No"
"0x3240ef8af78cc6eac9e5b5c2c36ac3fb37e0a531","539.143668397117","No"
"0x32a72e44a9bb0e688ee1248e6d753814fa037acc","576.820424224376","No"
"0x32b89d2442b4140c052bdba2ac6b03bad7243286","1E-18","No"
"0x3342401d4451ae46e93585c92d9eea181c74aa07","23959.0174299603","No"
"0x33482803274c5e08661843636dcee8e9a68c7252","9.47260046248E-07","No"
"0x33681ec43681976e97bd7bbeb5094ccac4ed7ed2","9.473386849215E-06","No"
"0x33c86169f35b41b1630e1f723894d8c781e4c2a7","16610.8749187003","No"
"0x340bedbce017ff620c44340f9f60bd45c355daeb","7891.63082500149","No"
"0x347bb83e4ab465c8c6b7afab3beb373410a9cae2","8.05886406112E-07","No"
"0x34abd0d41200d717df3465755099903f38499155","1.9952E-14","No"
"0x355e055d2a91f41b64dd69901d0a06cc978cf9de","9.54806034932E-07","No"
"0x356705fd1f38f7f8ec85fa1b2d2b336e559ef14d","6.92936283243822","No"
"0x35a0725417500e86899015852b2b64b1e5a507b2","5794.83774041496","No"
"0x35c44acc19cb38d3054cbdaaa71f9fa95f9962c1","0.0962724262575552","No"
"0x36268dfae0b96d2805738ed39fa3e0ef15299db3","237.090368185175","No"
"0x363349336a1e5b42cd039dcb66d0cc89ac1ccad7","0.000927730451657061","No"
"0x367a739ccc69940af740590a7d533ef8f96f282a","0.000533877757134943","No"
"0x372ba0323ec1152c2c028deab97c4adaf07191ae","12710.1777943458","No"
"0x379f29c017ec33e145d1fe721971cc1b50a31253","8.247E-15","No"
"0x3847585c388bb2e855f138f2a0c20d698f452b90","53974.8733805082","No"
"0x3851a3ea10529245bc2f4ad1a2a0d08f376dfe7d","40","No"
"0x38acdda3ff0d9d8256092ebbd5455aa6a8d7e568","0.0029774637179038","No"
"0x38de218e2db08dbf77f052655c9b08f4b0750ef2","5397.20507433483","No"
"0x38fa32d7c10d79cce348954d194f5faeeb8d086a","1357.22594505552","No"
"0x394b67c6bc05abb14c73a57706dcd5cb85231c4e","9.4172834687205E-05","No"
"0x39bb1eaa9f77f524a638c7de9dac0da7a4559591","3442.16212690119","No"
"0x39d27f1157b6fd3a711263788431c036442d760b","3.601596977208E-06","No"
"0x3a142ed85afa8d013dbff3c52582a7fa63cbca31","0.000290740422451599","No"
"0x3a26044f8eb44a54d2d310f1d22f976f60a977a6","0.000430821533819032","No"
"0x3a45468c2b85a969ab3999f9b286da9bab226709","18506.9361628501","No"
"0x3adbab4052571b32b151dec91fe74d171a9575ba","15123.7217908017","No"
"0x3b3639b5ed39dc6063fe9338e92246fdbe51d17d","1.946006992002E-06","No"
"0x3b3b79fc47b59ff5e0de5a429d73225a532233be","9.59913225141E-07","No"
"0x3b57579a35425a24c2a786dacebe1837c09e5fbb","5.665648825E-09","No"
"0x3b5bbde19422e03ea50ece14751e8370c080baaa","22312","No"
"0x3b82b31bbe0dc3fe0f13d17f9a4d0455ef562e06","5.736885954294E-06","No"
"0x3ce46afb778204018b0cac200f960292360b9135","7.248791270241E-06","No"
"0x3d3215b95cda1e8983bccad47147665f69faf78d","0.0605291009592903","No"
"0x3d33f5eb83c782af66c437a7585ed9d33f180172","4.463664052827E-06","No"
"0x3d755d91fec4d567cc8297f041e656a6fe8ca05b","12.8691671775314","No"
"0x3dbb9780baa92cdbd511f87a273caa82f8fb91f0","5.86500531726E-07","No"
"0x3dc606ce9cca12196917a3267a8ae7008e018958","3.102E-15","No"
"0x3dda703f3b0c78da5d71e06dc352921ad4dc610a","94785.116237843","No"
"0x3e250a0ae9ff6005ea9dab67b5bea09948a0a1df","2253.10122216594","No"
"0x3e95fef1176acf5e5d2ef67d9c856e4ecac73e1f","30914.0864795171","No"
"0x3eb644aedb479c094c0e71075e646a4d978dfc8e","8.8917323036704E-05","No"
"0x3f2e8912a399980da0d547d73dbb6ac97b4f3d2f","161.149328842523","No"
"0x3f54cba3d082872609dbce4d82c40496c1c21137","148.44782698412","No"
"0x3f66af70a6fb74ddd8dabd1657a3b4b2b34ff09f","4.3285727910656E-05","No"
"0x3fe821e69267a129157c28b4b326d51678c13e17","40000.0848309165","No"
"0x3fec9661cc4681c138b98a5da863a6c4fc5059b7","5.69409380358E-06","No"
"0x408ec4ea4bf409594b519109a31617d442b6fb45","464.151661338872","No"
"0x40c69a4b704ec8d58bc80b0c3eddbacfc453d2af","5555","No"
"0x41588fabc1d3dadc8658de50c584dc00a7f09652","8.16227911784E-07","No"
"0x419c5a5ff2e098cca3b922fbff25ed77eb576649","1.488158641528E-06","No"
"0x427a0afe938b6c194ce49a17d01c0983dbae3b45","1159.53947650478","No"
"0x42b572e6c063a86a069ce097a39f142228cfd220","6.237880845964E-05","No"
"0x440a97accbcb03376197dbabbb32eb748a226305","1834.99676765067","No"
"0x443eb1f18cf8fd345df376078c72e00b27e3f6a3","562.734365201531","No"
"0x446423aae72d7e8577a466ccf1b4c70204147877","8.4754791968748E-05","No"
"0x44cbdb1979fbc26fc72156959191f322005e8f37","8.580231105922E-06","No"
"0x44e8a48552d0a864709c5d14f526cabb342196d6","2767.43799609578","No"
"0x45463020eeb67dbc101fa65a7f9f4b219a0137f2","1.3879E-14","No"
"0x459d59151505d4f18abc8deccbcf43ecc34e11ef","1.52505185952436","No"
"0x45b5b71d3a359ac378a9f1ed3af158cf16672a14","20734.6493111292","No"
"0x4614b16551a21f7e29b57a4f8a8a4b63579d3cf4","0.138612821342878","No"
"0x464fd6b8e4dde4352117940a07d7cc93269a77bb","0.000545977713460238","No"
"0x465d60f18ccfc1ac5235a2d861dcbcdebae7aa44","9E-15","No"
"0x4664fad2ccf9ff19eb445172c732fece889ed354","35589.2556442367","No"
"0x466e956ca9987b0b119330df65bf6ec4c3876e4f","1.82326651207E-07","No"
"0x477d7e84de6b16551481217b3d177a3bbdb5828c","0.000427864627236303","No"
"0x4823be7f266c5bca85b7dbd8e41f4710e1c49a7b","100000","No"
"0x48b88faf3b4bd634189364e7a7c1e8b8a3a5eeb2","867.7425667334","No"
"0x497a9a22eb7d089febb86ffa68d4cb07a54b6ed8","0.00050127066487671","No"
"0x49f65fe360a0aee3ff2c5fe7ea4f154d48095853","6.01933730495E-07","No"
"0x4a183b7ed67b9e14b3f45abfb2cf44ed22c29e54","7.46776162009854","No"
"0x4a261f2db4b18a75f0a60645cc5da373ee53281d","1980.87219989823","No"
"0x4a76d021bdade4313c6378dc1b16344961b6c3e1","207.536973587965","No"
"0x4ab88515fd84289d8aab1464753775e90695e944","0.215717718835504","No"
"0x4b39eaf26ee54a089c668435e92e183b2621c4d3","12.480883306596","No"
"0x4b5addcf82277fe9e0ef1bb4cd33ad4968eab3c4","4.012467256E-09","No"
"0x4bdb2280eae404780dfec4b163161e30820f126d","0.000646582505380887","No"
"0x4c04bc41a27033ead89b19f5eef40d25efd4a447","102.175617999433","No"
"0x4c26e9224e03a60f2b2ed9bad2a5a1a4d4b617d9","6.9943384835764E-05","No"
"0x4cbc2e1c86c5ea7c5ea742a4e77696e4852840b5","122.915074641672","No"
"0x4d5b6c477ed600cfdbd33d90594f6ddcff8187d5","757.935032005431","No"
"0x4d61faa60b9ab2cf706dfd61cd81d44d1db7ef6d","2.6176620180836E-05","No"
"0x4d68c89a5a8cde4f19dd0e45b977254a343ffc68","3.408296860129E-06","No"
"0x4d80bf9908f941ae39e434adbb642c31a88e1e6e","1689.33917611334","No"
"0x4e880933aaa461a5fbd0d499f1e142d78f77c8ea","43268.6739792735","No"
"0x4f334668b06350855f054b82fa34d4d224cc0c42","497.765541692711","No"
"0x4fcb2b5258095e3fe436fa4bb53140b38a11db62","5.88014656626E-07","No"
"0x4ffaa20f217d5117b57fd6ff0e70e069029f5553","2.90651960171E-07","No"
"0x500bc6a188de6e98704f29bbc034aa047e39f539","2.7532907072388E-05","No"
"0x500f6caa3f6b1315bf511dd16c7aafe6b6c8ff44","2560.91160468952","No"
"0x505a46c88ae9fadc438934bb8cc6adc026d4b1af","8.76966478671E-07","No"
"0x507c9804e04bd7cae342e91cb1d4c2c074736b75","1270.99056649355","No"
"0x508baee20854c6b0b001b278c62644a51a66daba","12514.8152343901","No"
"0x50f27cdb650879a41fb07038bf2b818845c20e17","162788.980922936","No"
"0x50fcac68a56cf3ee1d16816ce53f0cf51389eeb4","107.60863178008","No"
"0x5115ee34406be22bae90d24f066b4682b44d07ba","0.000359505635599804","No"
"0x513e1d4b806f20baf87e3fa284c072369d04d8d7","308.293086135937","No"
"0x5156fe4efb8eeb5442c9f776ec6f7e7bf588426a","5769.64029739532","No"
"0x5292cf4e13f7ed082ec2996f8f8a549a05b2e6af","653.956232700377","No"
"0x52a42429bdaad4396f128cb92167e64a96be8a61","0.000266052277781245","No"
"0x52b2b33613c09077a4754d7d29db0c825fff6259","102968.004612749","No"
"0x52b5ad31cadb34f29fdebfda994c0033e8eb1938","5.987090511551E-06","No"
"0x52ccff5c85314bbe4d9c019ee57e5b45ad08b0db","0.000700899725432385","No"
"0x52ef41b167c2836571d285bb432aa3c2b75dbcb6","9.435133187512E-06","No"
"0x534eb79737248d02fd8bc4e4da81679fd714bd74","2.7920753647835E-05","No"
"0x5377029989f39bb3db1d66c8bf351206cd6cf738","0.00246249841782981","No"
"0x53db74b9ca52528894a9dbd60bbe90d1c22f006b","8.939137717662E-06","No"
"0x53f80983e823b390347cc53807478d61a7ede377","12.5699563642736","No"
"0x544aed5dbe2834fadaba5c9422d3a0b96b61b358","6.9278617586051E-05","No"
"0x549a6ed73adeb8bc411dca990264cc32c49e74ba","6.267304647E-06","No"
"0x54a9d1a4ef95acc9189237d3ebcd01561983c608","2950.6067168312","No"
"0x54c9ae13ca87f1c5007fa2b3354025310deb88e1","0.0600661729484614","No"
"0x5505f7442fcbad24f65265c422f8a055993815c4","8.939114495685E-05","No"
"0x5598f049ea8bd1bc514d8f53b6b515645baed0cc","5.304651415412E-05","No"
"0x563753d5b452299554163fa00e0b05447d19a435","39842.618215902","No"
"0x56abd0528fef95149ba98b1b7f8d34e1ed7b5141","1973431.81593258","No"
"0x573afdba97e9d31d8cf7255a7334220e5c0c040c","92.4726455109378","No"
"0x576b74fd58d6a06802d6dbd4fc81363830da575b","1.118230360767E-06","No"
"0x5796f85dde9abfc2bbb28d086dee994d970a4561","3.4232E-14","No"
"0x57c6812178d233246c3ae3a9e746b3443ef3df16","0.00948593830569532","No"
"0x57f1e0a0e447dd9a915ecddeb341a882ebd2d85b","6.4427185049E-08","No"
"0x584a97186bf37585cf860491d7bcfc9560ad748e","5.973382917816E-06","No"
"0x58605d60e2964aa36d6cb4da23d9f9ddec9bc4f7","1.5712696754591E-05","No"
"0x587caf20ec6ffb3e6a93738d99baf87943d088cf","0.0061614705650524","No"
"0x58a02978d326d9bcd8ade8dcb825e350fbe0ef64","8.09940990809E-07","No"
"0x58c4f03a954e4cbb1b8e204a881a8e9a99d015dd","5.833102911659E-06","No"
"0x58ffcd00e7c71438b5336a0e85c802c033017b62","7.7882783173437E-05","No"
"0x5923659dde20a78ee18ae4ce539654cb6d32cd97","129.998347246387","No"
"0x593b9f063278f73b9409849d852e2093e29933a9","2856.02954943992","No"
"0x5a2423d444aaa2c6e1ffe049f205798141b7f071","355.435383668386","No"
"0x5b1059b0d6d496a352de97352ff7e41c5947606a","4.2997096568896E-05","No"
"0x5b31cad4ac4e14b08d2ef4ec4fa0710b46fc638d","11447.3769839695","No"
"0x5b53f005de44cc792a2f6c56aefdd40db8bfde77","772.499058399886","No"
"0x5ba3a6fda585f79a3fb60e0ca1713a5c97a5d376","4.74765389301E-07","No"
"0x5be93ab3f97c31b2032de7297c5bd0c48df93cbb","42.7376441789475","No"
"0x5bfee15acafb72a78058c900dbedb9890b8004e4","91.7995229649836","No"
"0x5c2ea00af83a4af002291fd8d5bdd80b07802cb7","5.3014308767442E-05","No"
"0x5cf22388651dd13ac9a041d574bba8245729e90f","0.636591548700132","No"
"0x5cf5d842dfd8b4dd52401fe4064318b45fd0f88b","652.415515694453","No"
"0x5d063a64937b8d041819fd5ca728ec29c78961cd","4.9779416566417E-05","No"
"0x5d25b5a8299561ca2bafa55bc018d42f7d170434","9.742167241216E-06","No"
"0x5df58f0941eff3e4e31856d28df48bce3c83fad9","162.947955252267","No"
"0x5e7b5b815da7a903855cf96687899af3f0ddf449","0.000100379177511764","No"
"0x5e8bb171efb4ef1da79479c794d5b8ec550233f1","6.531424818651E-06","No"
"0x5f1f889ee672806ca008c3d0e384191190bd1e66","0.000506902637743423","No"
"0x5f71ac2482b3ae336143aff61df6ddb0a97720a8","658.634208641302","No"
"0x6127cb39ac8e6066c469ace0edcc3506feaabf94","39510.3906039485","No"
"0x612a4ac9e66353a3b371d9917f88124713c6d054","8.2532797261798E-05","No"
"0x61b170c07c7f2c8b973a3f12548f7130298813b7","12928.6724078996","No"
"0x624c1d1d9285395b192305e75ce277751beb617b","40000","No"
"0x6266431213542bb43beb87d59565d710bdf15c38","6.701693062226E-05","No"
"0x62d34c4b43cf58de2997df16828f39fd39d8fc2d","514437.045563676","No"
"0x63007c437912ec36612d22d918a1b853e4c768ce","5.5873988715299E-05","No"
"0x63514a0a5f1780c4c6e299587f6c4f5074e8304f","8.877114592741E-06","No"
"0x63b9d29157ed949f4fc601c8c07385c8b6a37326","114704.895265544","No"
"0x63e150989362ecc8b5debad0931f278264d5f47d","4.8927594070939E-05","No"
"0x6467a08a82fe53d434cb41316652a557957492a7","0.00153595463871363","No"
"0x646d118c0f4c568e3590eb1297141fae1fe66d1b","2000","No"
"0x64dcbead3b25b94c1c07158c8a6ad6517b95513e","125.580366290595","No"
"0x65d4b3ef04ab7fd6af3ba1d8f790f00a7f6b622f","7.93596847133763","No"
"0x66b916954cfc395d3491f1f3c43c93988c68169a","5","No"
"0x66d5d99c831d0222e1e4efb990b75dd5ca145068","2.617E-15","No"
"0x674addceb92377593d627bb2236882a4a430bbf9","4.146531969248E-06","No"
"0x6770feaea5d7325869e546c4550ae27f11664c2c","6607.33665083785","No"
"0x68e574bdca4c518d34d801c8d959241e31fbd061","25.707007211415","No"
"0x68e8842a0121c92daecfc1b75cb6d0da4f3933ff","0.00321796786220062","No"
"0x69389398e4d903b02010e20d308ee58ea8d6d714","7.6262204313E-08","No"
"0x695a29527097dc396c6ef0136f9ae24e229886d0","3548.68491809468","No"
"0x69f40ae0e91845ac3bdb1cf80d09d662afd30576","0.000232744014531075","No"
"0x6a5d0e368534e91ca2d6d3b44aa7d6193e1443a7","4859.5798238623","No"
"0x6a69270a12aa0a3f22ce23293d0382b2a5f0be90","682.091720633267","No"
"0x6a9e7c95616bd32dd240b6b24587d31d3608bd9a","4.57958634526937","No"
"0x6af51cd063b852761041192b38f40a9cccab4fc9","100","No"
"0x6b1c0f4ab90b4a8c5e34c14ec7e95404d82acf5f","3.034535844762E-06","No"
"0x6b58a42a13f91afa54e80a0c60e6e9340d6cf5dd","658.41622232344","No"
"0x6c383dd7d2418960211ae76ae7beee34abd372aa","7.41957635504E-07","No"
"0x6c3938b0b44de5e7bc6504c077555ba1d9b54b26","8096.4039769356","No"
"0x6cf52858c674047bc694a4468a1804cec69e990e","136420.562011432","No"
"0x6d11f51ff0829682ed6513092a68c9ff211b7d06","7.90368732875E-07","No"
"0x6d4d2442f65431e2b4026180071d182bbb515052","6183.27014527087","No"
"0x6db648e2ad3dd6bec8e06404031684bd188a03fd","68.5772265756396","No"
"0x6ded94d126ad9420fc07f62a72bf6d91362ebf86","0.944618064879315","No"
"0x6e01bc4b67985a60735e893cfa3e4b5a559490e5","5041.9552907558","No"
"0x6f0a1f8a0365becb61a36e3fed564aa728af777f","919.885568230682","No"
"0x6fffa8162c9981db7d7ba945e152f1dfc3edc51e","7.354728335008E-06","No"
"0x702d6def95d59e31eba8420372821c2e49f2d607","1.641811407109E-06","No"
"0x704e16d0d8186a39b96d8455a6df8dfe57c4f7ba","10.2483943078683","No"
"0x70817f848cc79acb114f606685e8751943fb02c2","19237.1832664608","No"
"0x70de37fd37b43ac5beb9c20e9d4af5bbdc62feb9","2680.41606972954","No"
"0x70df52dd257dd13e9f73f2fcba8ceaf073e22eb1","3.043568077518E-06","No"
"0x71a91c9202c8091c62c630ca2de44b333ddcd0d7","8.310485962519E-06","No"
"0x71ac01152cf805fab95f9d874c542fd35be2c913","0.000324142999735095","No"
"0x71c2cf4877c991f5b7047636c8ebc04408a8312d","6.4156328430089E-05","No"
"0x71e92e5808ddbdbe5525f0d11ded2e96fcdb7fbf","2852.18358316824","No"
"0x71ec583a7442b97cfd30b398976b019f10683dbd","5835.07802169159","No"
"0x7241c18533acf5f786c5a0b5f9c2c370620c5c6f","5.390597812068E-06","No"
"0x726cdc837384a7deb8bbea64beba2e7b4d7346c0","491602.775423092","No"
"0x729ac467396bdd1c8832377eb09d37b3e4f2fb66","1.979205069023E-06","No"
"0x72aa4850d323d365295cff7c98cc2df013149262","377.657300894077","No"
"0x72e41004dec35381adb453dc63523197001c9701","0.000207461075016686","No"
"0x72fb1a50863871cba63f2f45c0423877cd6f117b","25000","No"
"0x73051a64044fea61a6100eb0b55c9087be32cca3","9.9190899983365E-05","No"
"0x735fb1b51d03b1230321693aaf89e7d08476482e","0.00373566426173998","No"
"0x737ad74d7502fca907f7661741d5cdfc4723d28b","494.507788327899","No"
"0x739de9033d1db578f3ca960cc15025e8972aa8b3","9.9238501834448E-05","No"
"0x74040b0f71568251908b09d0d6943088a206e0fd","0.00456446737633796","No"
"0x74310560ddaedaa32532dd4b30f58c9424da5c0b","19.2726079803627","No"
"0x74742628f17ffb5bf098c0005068aab7672ace3f","0.00217366529515001","No"
"0x74c764d41b77dbbb4fe771dab1939b00b146894a","1.60578234965575","No"
"0x74e254f0ea90e8caa5da6f62ee29b9f71eea8ee5","2655","No"
"0x74fc662b2ee24f5ab45eaf4a1860bc8dcaaa7bd2","5.118566072891E-06","No"
"0x758e83c114e36a28ca1f31c4d2adb5ec7c04c578","284531.98609863","No"
"0x75e55dd9914870a415532c2bb5b969d5a3437841","14704.9716612005","No"
"0x762ab7c7c71772a195baec1e964c0584c3adebf4","2.87794975756E-07","No"
"0x7652bb85d2b68eab7a4fa3d3967137ec3bb64700","2.65472892924E-07","No"
"0x767775bda4f0abd259b52b58b2d2e4dce6410228","4563.10366100067","No"
"0x76a331433557e106ccb70febda69a0b53fd9c9e0","3.561450576208E-06","No"
"0x76c7aec54755481cb399f3ef67825d5610767690","1496.685260809","No"
"0x77002e1da26555c2f8833f9dafa36fb488290c26","8.775338900313E-06","No"
"0x77075fedc9f4bc15207e4ee47225bcb876b16ce3","532.769818039162","No"
"0x777fdb494d0825669bb50f5b1e075e18e671f8a7","3.596034363874E-05","No"
"0x7919fc19d94b5ff77677b94a441446e4ba3dc3da","361.852921206484","No"
"0x7971e007a4e4d4dc1f8380f5d91d3f52b5e53461","8.2836742573578E-05","No"
"0x79a65cdcd87306cf0b3a15578b13e80d5ac2c9df","4.825529954718E-06","No"
"0x79dc6ae928f9b7c2fe6d697e8e40b49019f6ba39","679.991164716722","No"
"0x7a33a334fa88a639734cded4708c82741bc9f0fa","460.989339787947","No"
"0x7a59c209ab1cc31c1829bf09b08c419548def1fc","5.55953256598E-06","No"
"0x7adc457434e8c57737ad2ace768a863865f2aabc","5.473E-15","No"
"0x7b20a61f0bf38c08037711e719d455169561a7af","9.8426900618417E-05","No"
"0x7b329e35d360b05ae0f70ff2df396240e980604e","265","No"
"0x7ba5409829ba020377f3a47ba32434bd03c47cee","0.0028376170048128","No"
"0x7bb90bf7c932f6231164462f698e82efea3e23cc","1388.06136744255","No"
"0x7bfee91193d9df2ac0bfe90191d40f23c773c060","8.762984842769E-06","No"
"0x7c052ee196d476b2bb4aa99d71e14bd3fb65d6ed","0.0131720150692012","No"
"0x7c218a744fbf8dacb8256f6e39d712fed1f0d67f","3.925484608644E-06","No"
"0x7c355c10c037a67277b073e204d8c2a29f22117a","6255.47130563027","No"
"0x7c51d3d32825f96138905c2b91985ba0b8a1fcc0","0.408773781549287","No"
"0x7c8bc73a6256d8d93197f1a27f1b89083a7abeb8","0.00056080593108379","No"
"0x7ce428023aa97a763adde6da26082f4537d67e37","0.84975124955548","No"
"0x7d0fdf6037f434a64db23e89185d2bc4a4f18dfa","0.0268523445337358","No"
"0x7e0bed47bf81ae705a1b6e787bcd87a9ffd14435","3.21924909949E-06","No"
"0x7e7ac2b250f089f17b370b05e5bec07be57d0a3d","9508.31628378583","No"
"0x7e962dda987d0d9ffcfd35d4a38f3b40c6ee3748","7812.3288896528","No"
"0x7eeb8394829c36d94b675fd6419a1f16672e493f","96","No"
"0x7f398142abf35d1234113153f60df8197ff86600","0.000240848303845121","No"
"0x7fe6e12da60e85c0398d2ef2ca4595c3888ae0b0","4442.92084112076","No"
"0x7fe81534050fa6d648a6f5a33fed3136cbde3424","7.10117062359E-07","No"
"0x7ff6b3cf853684e2f9a4b3c7e9c9ffb5a81c01cf","70.9674088223534","No"
"0x80a6ec2cbe93ce914ca52cf36a93d5bec5091499","7703.39212955686","No"
"0x817cc22e709fe6b0f26d22726cef3e73089ca2d6","714.996239726731","No"
"0x8235596bfdd9e60f6901506ee01701d2a8c7e9e7","0.00293878206611253","No"
"0x8293fdc6648dcd00b9194dfa0ab731b51e294f66","5.6279047097373E-05","No"
"0x82e65918d19b1723c6367d1d5226d3713f38c3ec","2.3151842224685E-05","No"
"0x830664f12701839bc2346126dffbd785135333af","75018.5982801209","No"
"0x843e3a7f788c16314e0240302e7ca96ef0fdc7ab","2985.48264323683","No"
"0x849f3422ff1cece8c136e98b7960db97aff03ff6","0.00601985878911269","No"
"0x84c650f7e873994c7518359102f9eec5b240061c","1482.19040577938","No"
"0x85285cf2156af7f3cbc23d8c2c764d1199805a46","2.21515503762E-07","No"
"0x8592b46b16ba66ab8115e0c154f5760d1c4f1ba1","35627.9480134092","No"
"0x859a8e9d896ef9f98132bac133ba63fc82626509","15006.8703876696","No"
"0x85d628d0537839c32f2da674aaa3a6c48da2570d","2922.12457621225","No"
"0x8634c8dda604bde39b4296730cd04eca9f296720","1.49054798499966","No"
"0x8659c918206fec46e090a4f9d4fb3f7118f4f78d","8.6692473741348E-05","No"
"0x867b284523c71a52c56c3034543079665c5ac69a","0.00679800774823717","No"
"0x86aeac0ca7418ec924e8263f121e5bff1b2c6725","3.3031275641517E-05","No"
"0x86edbdc970e42b414c4e9dc8de22bb3e167bd278","4501.05923613097","No"
"0x872f8fed8cb685b660108ca36b2842ecca5a08d7","3.18265248821E-07","No"
"0x873f826cfe2663f078674e0fe01e6940deffb97b","1660.78064726926","No"
"0x87a6d196177ab8b800bbf4218f6dc382920fe39b","2949.63065764499","No"
"0x87f7e0768dce5ff8a7474554a589c420e29b71d0","87.0356551805438","No"
"0x88175c2421930dd3a652c967a7bb8faa7161a3b8","4464.91270894548","No"
"0x883ce32e186c69559e94c8ba276bfc4322fc194a","2142.78076249835","No"
"0x88c3f66f20bd66c4f2c62ce2c95b41473b04d007","549.185972246251","No"
"0x8921ac5251385b617f32c108c4393abbfe01239e","27.4293629873703","No"
"0x89cba45583c889d1188f002d23ea93fca7246fe0","0.0608516596573501","No"
"0x89ed845cac6e1e86586e2008dc5025d3ec1ec23c","0.00495490911329939","No"
"0x8a272cf6900817477b98f2109a24d77d75162b30","53.9646679998629","No"
"0x8a405aac2b16114a6eadf4d6d0a15baa8cbaa02d","0.00802642512846812","No"
"0x8ab9829ccc7704d8d453642a9928bdb4d98fddd4","13633.0770720683","No"
"0x8b478359b5593747473e67f78b1f0048c1c523ed","100","No"
"0x8b72e1ec06ffc86dc19c2b21c999f0ccd3b135d9","0.000342674088239516","No"
"0x8b932f5e9b62bba7fc468396dd628ae2dd88cf33","50.6750209588368","No"
"0x8b944a93fed8d73f24568f7c8914efa3790c8c0d","35.7901150429463","No"
"0x8be3ec7cde3e275c958b1896ae75dacdfbe9b02e","3.2791080228071E-05","No"
"0x8c7247f7dff6488809a65a7db055539afb954dd7","144.717476284901","No"
"0x8c96522975ce4035df2bd00b11dc30bd37069887","9.827E-15","No"
"0x8c985aef4609a1a90bb48dd203ee5eb3a988f91c","4257.74890083734","No"
"0x8d1a215927f44af624f838225d6855d804bbe7f8","166.818700501845","No"
"0x8d98fff066733b1867e83d1e9563dbe2ad93d933","1.415025380822E-06","No"
"0x8dc005d141f529a11607f556d88834432e2c65d6","1.6792192524423E-05","No"
"0x8efef6b061bda1a1712db316e059cbc8ebdcae4d","10339.3434469816","No"
"0x8f8b4759dc93ca55bd6997df719f20f581f10f5c","0.000871420649331941","No"
"0x8fff9657df45b0ed0dd20d7dac48da12082b4c60","1.378589215066E-06","No"
"0x9024b138f4d7df2cb8bf1791dd17816ba975c879","10724.1074444335","No"
"0x9081c600fe67612a4299a5b3ff559ac2df9c9865","12620.7739800664","No"
"0x909dadc3bc183fa675ed32c5bfa728ada9365976","1000","No"
"0x913128fd10227e06906eee42d68896be2ef6d905","223.80215481546","No"
"0x921084329f0e488479d5aeeb61b7702ca395dce0","3447.46041513978","No"
"0x92394bc9bc33dcbc675f188229c468a9b7eb29b5","3.2735371240659E-05","No"
"0x926e8049b077d731f26a64dc828b4991682d0342","33646.7273490664","No"
"0x9277eb2cfa5e2f6c3bdfee5b862679cd13587fe5","8.7981201557473E-05","No"
"0x929847f71a3cc4907dc8ce20be79b84839ba2d5e","205.242866501935","No"
"0x9350e040915c64c18bf70683c2c192b76211f287","0.000196766413644177","No"
"0x93eceec534dc11aeffcb86b85a615093c239e9c3","4.89561663005E-06","No"
"0x93fafcb596754ee36b146bb7cc4bc3a793628199","1419.20213617085","No"
"0x9401df71b22eb8fee6d89e25905308c06afb5b81","2.5192633335469E-05","No"
"0x9418e061781d03a6a2dcc836be3eb80b51c34483","1000","No"
"0x9427596dded7c43c2cd2f5a309728c91822aff03","207","No"
"0x9451f0ef7a6bbbb6466b69ca19b7944d7bb836fd","0.00278834235307364","No"
"0x949ad06a4c904cd0b31ae2f56aae0ec68c16ccac","2.95561505627E-07","No"
"0x9545d4a659ea0815ee65a12a41be73728d9942e1","6705.71349148159","No"
"0x9578c29daa762d6bc53572e91418dfc68572c56c","49","No"
"0x95c08c332df012b9faf15ccfdcb243488f774c25","5420.41328650525","No"
"0x9636a6068bdd32e22c6b793d04d4f0ea700dc80d","1.01943312027E-07","No"
"0x9662ec140b718c9ddf2be24a14b29f626764ea40","5085.79798275979","No"
"0x96868a60982ead4ef3c8add5a45e73fe45fe8cc1","394.563457849707","No"
"0x97012911714c54565fc145e0b584fcadd6b4b9ed","0.368880398664697","No"
"0x973863bb7378e46edf6a850d32117c9802046a4b","213.50724706834","No"
"0x973cb540d506e113de4626bd9873776814440fa8","4.6802572542572E-05","No"
"0x97424388a67dc0d4dfd51e90e1b507d85da3bd52","22.1006151867466","No"
"0x976d27d230f1d6fb0613d8cb40d368e9ea083ddd","4","No"
"0x9775df2bcd3eb099ecdf04e61e96429f2cab6cb2","0.154988635450826","No"
"0x97b578d3130c1225188ff2c0b2c8754ca951df38","1578.52896120664","No"
"0x97cc4117f8bcca391075b3bffc436e11a65a2607","27.4784849443305","No"
"0x97d1f6a48002071dfdd2783b2f962d5bf137bcd2","4.02659436318374","No"
"0x97d6216c1615b9656b8f17f468743dac7f6316ed","5066.87799139358","No"
"0x98076110c0d195b468d5776ad89004c5864ffc6d","6.155124991022E-06","No"
"0x980e31667c328bce31180a428584b541646f56fb","1472.92326550656","No"
"0x98bdf655fc1c1ebd769693f4ca7533c20288f225","6.91225755968E-07","No"
"0x9938a0e28b467e339515911240944c4f9b64c478","8784.2225690567","No"
"0x9979ca3f09ace14230d5c5883fc75e31e4693941","5.368076669208E-06","No"
"0x99b515ddec8839935bc63a95a171b77a9549ce63","11000.0409630564","No"
"0x99d305dfc38cefa91cb1129387681ede4c93e87d","3.18677827213E-07","No"
"0x9a6d062209157e3f0749f05a8f9dd4ee0c759d2f","25053.6955717033","No"
"0x9a844dd8c5020e1e925279efca269ee89447306f","3.7651804381287E-05","No"
"0x9ab8b1effb50ee4d80cfe66c30910aa4867d6060","883.919940301708","No"
"0x9b1a1d93cbc4c3a5584b7e58656e6dac00b4fcee","23736.2995748657","No"
"0x9b76f74f6533145c1f7a65a269c8d574f7adc9e1","12202.8300584623","No"
"0x9cdc6ce604285e2549919b9f0f9144c459eeae7a","0.000266823974459486","No"
"0x9d9e372803697ac63b0aa490abc0a484d09003b4","73812.5438863521","No"
"0x9db0d732616313c016d521c07f32cc6075ada67d","1.023484856E-08","No"
"0x9e170003e3e5281a6f5945a9fa183faa85eb5a55","4.8070921428857E-05","No"
"0x9e2daa7fe5ce29be9d221d6e0c541007ff065de2","1000","No"
"0x9e73201903164d3b476505f3c54f86cdcd4010df","6.1286940299E-08","No"
"0x9ed8b4e877d597bf464f88cc1afbf19fbf5aa1ba","1.99E-15","No"
"0x9ef0e0d7a0a940f4a518c88bc62183412961a124","1.5592438868466E-05","No"
"0x9efc3b8238df08f6d41ec3d240cc9c0d978fedaf","10000.0467677586","No"
"0x9fd9bb687696f19038892989876bd6dc96abd769","8.27169154658E-07","No"
"0xa04275c10f39e8675a34e147e2ef78d35129f2b6","2.044103230812E-06","No"
"0xa0446d8804611944f1b527ecd37d7dcbe442caba","2943.24681245395","No"
"0xa0a04d2592e2e2f1e5147238728de0e2f12018ec","0.000791164640766981","No"
"0xa0a0ba0143a82d289fd4db507f06e18be0e8f6bf","1.4600159063119E-05","No"
"0xa11409dc6e0c76c40c5a474f9b7cfac3ad5a0baa","10102.8712396712","No"
"0xa12a635362203c561845f1090bff55db0b980aa7","6942.21044607185","No"
"0xa1383ef16f2f131ded807db349742ee94b7d17f9","1.21888775664E-06","No"
"0xa147851e89fc5a505ca1122bccd9f01058b4afb7","3.37585287116668","No"
"0xa19383dad5908172d80a8ddb7c79d2a1fe085f35","9.340129724703E-06","No"
"0xa1972ff87bba5d95b832965d18313a98e7e08cbe","250","No"
"0xa2a9234dd5db7be6c31372b51f2b1328cf28b407","144131.782129157","No"
"0xa2d47278fceedbcc3438bdc7a4ea55aad561ac9b","24600","No"
"0xa2f696958a5e023014620687f1d34755c707e5d1","49548.3581753833","No"
"0xa376012f41e6b4d954cc0e9564ff43efa6585424","0.000647612868961615","No"
"0xa385aa420381100768cf5280464858602ce3acaf","2.873627115E-08","No"
"0xa387b2b08e6f250f72c292ecbc3fb1014c55b68b","9.282658481675E-06","No"
"0xa398e0d6acb910056bdb77d2cf7481b6e1607045","1.86753940619E-07","No"
"0xa3a3b69a3c76308a867b47d3d60d8ee8213366b5","20000.0008624071","No"
"0xa3b705b33a441ff73789ed7c84d9d79976e1f11a","318818.041414089","No"
"0xa3ce49c280f53d33ed23d976a85271d09815558a","2.8836803995E-07","No"
"0xa41a7fdbc4ff9add188c77aa963005447c98ea3e","8.98609218552E-07","No"
"0xa4261dbfdc8c980b56b7f1b96761aaa6fc547dc8","298.833285793468","No"
"0xa43dea86853f5ed8f767e36e16fd20b36b07769d","1.22953270930849","No"
"0xa47b1fc5ed4b296dea37806120d9bcefccd80ba6","0.578423983207389","No"
"0xa4b7180e1c0f5b34125b3fd4f9b209b3e6662aae","2.34721336028E-07","No"
"0xa4c43d9d93ea20d6763d8ac6a2e853e3b70b89ff","1360.4999177529","No"
"0xa4eb13834f23110eda247a286318b0ec9c159520","7.870139991701E-06","No"
"0xa57bf5ad930e7c576f85f8b134f740eaf0c93899","37178.8325318276","No"
"0xa6325a8f399ca41970c2dddd8f974dfb7a5ecee2","15852.4154813071","No"
"0xa641475da364ec7f6e964ff6e2400cd14e13303f","3.2348582202244E-05","No"
"0xa6b80736eacc1ad8d1eab09abeda5146b81ec83a","62831.7511994153","No"
"0xa6cd97fb84c669b636b86e0c2cf5e3428363a6f6","4.8585061684201E-05","No"
"0xa7194f754b5befc3277d6bfa258028450da654ba","7650.45079211314","No"
"0xa723ac8797bcea1bb65b4aeb2bccc15043a4a3d6","35.5167770732924","No"
"0xa7465ccd97899edcf11c56d2d26b49125674e45f","107.092626836708","No"
"0xa7eb41dcfbb5c99131b15395f427ad59bfecab48","206.395384681084","No"
"0xa8616cbf31db3d55ed3607a22ef17e75cb3ced12","53.7573986999636","No"
"0xa8c4e3ce1743d0f2a6c227548c982a7c40569940","1.21529087196E-07","No"
"0xa8e89b2d91ff1670ddf8ee6fb6c252e36f38938e","18010.0122007233","No"
"0xa8f62eac6e5c15c180a5d7649c38b889e183d59e","2.2270135096E-08","No"
"0xa90d00ce1236b3e9f9e1cddce4a3241ee47ea9ca","0.0764325465486116","No"
"0xa9125db14987e6a54605780f44fba95d3ce41d39","16717.5350585521","No"
"0xa92a40457e419c5ec245a646da09112cdcc6cfb6","4.2073653209364E-05","No"
"0xa9919b1b4b83acc834a1be3baceb4b0db5cdce4d","0.000549509502982235","No"
"0xa9a0c59a43839a3f7feb74abb93e928c7044254b","0.327415399189521","No"
"0xa9ab024b115c4bc70ded5e92bab2d3080260df10","300477.133000511","No"
"0xa9b8fcaec96f44f262734b57fb0d6d23a0a9c09d","1423.69283581234","No"
"0xaa8acf55f4dd1e3e725d4ba6a52a593260dba249","4.5020812963E-08","No"
"0xaae5487b48c82fae9d9ed557d528eb78ac232d89","7.2290980447721E-05","No"
"0xaaf8461d549c6cc81c1e866dfcc7aa6fe53458cc","7.655298285399E-06","No"
"0xab205303361af614ebfce3a515fb73fd4b83d82b","3.7586881331499E-05","No"
"0xabe8b36b5cd7bf06921ee9afdea5453a10a8ea1c","8.08665932808334","No"
"0xac0f76a8c30e23bc197d26465e7be319713c5224","5.132E-15","No"
"0xac8d2856eafbfd8653e035068940cdff299e8796","8.713097238162E-06","No"
"0xacc261f95c552386da8350a6fffe3a0b9ca67e0b","7.417E-15","No"
"0xad1819cc1a6dbcfe293b49e1930ec0f8c872a2cd","4.792E-15","No"
"0xad2b1df478996bf3afa92cd6e9c139734a877ece","8.517672042515E-06","No"
"0xad36c2a253dedd7fe5a79cd0841dc078d7a093b9","2.364973556695E-06","No"
"0xad6a4cca7d5c0e76015b6b850d83bc04f11eb807","0.536274024017046","No"
"0xadd90f648aeefb2b23896a6f3fece1cbdbca740e","50000.0000005925","No"
"0xade244fe1c5b87251aa3423c44d48bb855e696e1","2.38470663934167","No"
"0xae108fa8319c3318b90362e726361de7f91984b4","4493.72264875896","No"
"0xae3e25fc1546f2fcc0eff08b85ad43e598745d02","2192.49499676416","No"
"0xae695fa1677bce64a9c98c85afee6faf1cde93e9","213103.451999001","No"
"0xaecdd83cc71456c21aa92bf78f31e0c4913bc845","1.5037E-14","No"
"0xaee2ae13ebf81d38df5a9ed7013e80ea3f72e39b","0.000869647426088067","No"
"0xaf7bbcfb1c1f987e0ae409c684289b332a425254","9.2882E-13","No"
"0xaf879dd3c79eb72865cc737daeaaf944075365b3","30003.5382615049","No"
"0xaf973ba76ceb3eeabf03dd63faee124035ec8bcb","0.000223680045912319","No"
"0xafbcb89b840eef8c41c5bcfcec39352615d49484","1.3766751682258E-05","No"
"0xb06a5faed6f7552fd962d735057bfd5125ff3801","1140.74102861472","No"
"0xb08b0e0fd0bf65e86a16c2a0ccb798035f22123b","8.8091343011755E-05","No"
"0xb19f6698d63d51cfa0d6eb4490ca83fcd640f462","7.686102942479E-06","No"
"0xb1c38978c5b2d938cd2406796d9c09a554a002cf","1428.60161682112","No"
"0xb25769a98ba57b8e2ec7348e70aba6b93fa913f0","42.8369010616616","No"
"0xb2e13b37c5227acd82d02c4cc76d86b85bddad49","143236.930621957","No"
"0xb2fc8b7cddb67e40f268cbacb350b62f60c466d1","0.00385419615013374","No"
"0xb3792f424f8a8c65b8ff8430ec6859fb1187c0c1","15256.0245384238","No"
"0xb37e4b357154ec300a452ce04f51c8af6266c889","232982.966747746","No"
"0xb4261461f3d82e99a733782876daf00e22378c69","1217.1379689278","No"
"0xb4721febbd2e303ea4914ec213d2bf901ce14b93","349.997166618979","No"
"0xb4da2ab44e2f418f3d5027e602e409ad9113c6bf","200.000062900797","No"
"0xb5d3a7435f351ee49916cfdd0918a276293f3e70","343.824648040561","No"
"0xb6248996bba3ef1dd29761647e7a02d721311e9c","10.4887286468513","No"
"0xb6cc2f281e1656175b3ee89d296363cd60cb960f","149.910469702143","No"
"0xb79fae61602be93f39b9cb841c0329ee173f5e54","12764.2288073642","No"
"0xb7bff12c323fd4e610e186b991e01fdb7542e6b0","9.37213340028E-07","No"
"0xb80ebc2e6f0ae48d801471f563526efa47b1e236","1.6129E-14","No"
"0xb833b1b0ef7f2b2183076868c18cf9a20661ac7e","100","No"
"0xb835367ae1cafcea58a10a51b17fea25d16c3dab","10993.9048649261","No"
"0xb850acdf1972546a757f69688ca6817dc40483a7","30000","No"
"0xb893121bbae998297dd22084deb3dba66fc1c31e","1120.89562404512","No"
"0xb91584e7818c62945d92d5afb608849309fe7d93","5.210667351485E-05","No"
"0xb92001e246e24b899926580d5a71f4443e3dd77f","6.684746917088E-06","No"
"0xb9d24761ebb3e3a88b8cf20e77f56ccf026a2044","71.7188933866709","No"
"0xba36293ffdaf9b61efc54e00f7a1597169a1cc96","0.160922715924602","No"
"0xbaa32149f2e8e4813c604deacee48e381cecb937","4000.00001836525","No"
"0xbaa50208064a4972c2fc19d906497701edd25dbd","1.15338411063E-07","No"
"0xbaa9b493bccbe1a900b39870980f41356f85822a","1","No"
"0xbad5aeac0164b110e122029e4498da2875cfe5cf","2.405193951279E-06","No"
"0xbae155f4372b87368b703ed642daed810115d7d5","1.62586046922E-07","No"
"0xbaf25226bacecb972733ad9ece95d32f498c9794","73.4764860388786","No"
"0xbb8694519bc68b337663f0bdbe79847b49000b6b","0.0017011892264984","No"
"0xbb88cb343c9c58474d98cfccd7888a0521c99649","13859.4718749638","No"
"0xbbc26b73973cc8e0f6c8b1137c485beb346de22f","8006.06359255424","No"
"0xbc44d99802a4998ec888919c4f1ef09b43971b8e","1065.48962335164","No"
"0xbcef61fc312646b0e212c007a81d010b5a197931","219.342950482817","No"
"0xbd89cf0460052b7bf10931becfe384a78d873a03","3.393594252947E-06","No"
"0xbef716e7fbc844020925dc372879becd2f932bf9","4722.97558793349","No"
"0xbf70112f91614228b43d3ccdf652144e866470a8","991.017681530264","No"
"0xbf9a45275f644bec8e36dd636b3a72bd31609498","2232.74077369824","No"
"0xc0387e12f6fd49dff4788f43975ab22fd585f665","3880.1567504841","No"
"0xc041498a64ecfeed8bd4cc7c688d898ac7ef22af","40172.5655920297","No"
"0xc06f91e1c724abb2eefe72bbddba8b6ba3429199","40654.459534602","No"
"0xc0723dcfbf60002b3b5b55fca06f0414263ff111","4.787E-15","No"
"0xc0a7ab57bcf0884413c7e8630f62908308453362","1415.56265844576","No"
"0xc13ec844eb19d6a72ddd5f2779484ba35279a817","8522.76415947764","No"
"0xc14c00694821d5a056fdd4e6ea516ebc35007e66","1358.8564429283","No"
"0xc158b22efd35bfc9e6cabdc460d974f586da2cd4","0.00321646432344658","No"
"0xc1a3cac39cc6b39903b857825d1a8d7adacaad1b","0.00409195026182774","No"
"0xc1ab8632e3f7ff2b62bcfc5c5deba3aaa21799c9","31.1421807028221","No"
"0xc1bd21ecd832ef3c3b1a393a0d66dd2b92c0a944","13383.5496079303","No"
"0xc2054a8c33bfce28de8af4af548c48915c455c13","52912255.0016101","No"
"0xc207dd924cf4f0084363eb2f83b10aabaeef5d42","0.132434343469214","No"
"0xc2640a87109a4eab8497666776ea9631e69875a4","1.119410687687E-06","No"
"0xc2a8814258f0bb54f9cc1ec6acb7a6886097b994","1.306773869E-09","No"
"0xc2d807ac7a419708182457c84b0abce618967d0b","4.65620190751E-07","No"
"0xc2efab500cac49915053efe38f5e162edf1689e2","7.14424446324E-06","No"
"0xc3209641e0f158f888cea0e228289354105ad373","1724.98235903528","No"
"0xc33c030f8b228aa006f6b7e73e18f64fd72633c8","2870.93063983683","No"
"0xc367c259368b4fc7732c6a5f01141065471a8171","8.1066622062451E-05","No"
"0xc3f3815b6b3990914257c2872f3cee1368645c84","103.000507205262","No"
"0xc42c24b5f67ea164f8e9cb16c840f3f68b95b3c7","1.936236684039E-06","No"
"0xc44abffdb232befb250bc1f69e83f7c6bc2dffe1","4.68385087318E-07","No"
"0xc48108f14f8df5972847cf9ec09507ed9a9e441a","0.00171657669484502","No"
"0xc4c031a181f6b16e76561a5c8a438b022dca3466","8.81700124622E-06","No"
"0xc4c5ed96625cdc16af0a4aef083c87243a7d2e98","17.5236710567176","No"
"0xc4c764e9f53647da582f245bf1a2a26d0d87859e","40.29902461071","No"
"0xc4e9fe2e51e9796e7d76b8ef86d0dd2ac390e3c0","76.12145660485","No"
"0xc4eaf74d49342900563f715c275de51fd9a7d2a4","2187.75336363788","No"
"0xc65f06b01e114414aac120d54a2e56d2b75b1f85","0.00089835698372017","No"
"0xc6fbaf5fb912eed59c56651f0130d9e11e92d5fe","1.4328371131391E-05","No"
"0xc74be054feb1d6dbb2a508fd2a401a87f36ca5d8","5000","No"
"0xc78bf647a7000d26219932587c98d09b7185f28b","1.08012178564E-07","No"
"0xc8404bdf586b617298c06b8acd398baf5a407377","253.007114064501","No"
"0xc87f64dcff848b337423555ba4ee11454b4d9a2e","9.5941545317316E-05","No"
"0xc8cdef7a03cbc43619c5d669041b60da9138e70a","1399.97752660581","No"
"0xc8ed6d535d08fc4435fea832c78b866e7ed1f40a","1.45072987178131","No"
"0xc903f853ea54c9448d50b1fc6080f5a469910c94","26.3168711000954","No"
"0xc98cdac2bbf63c7e759b49c823a51bb479a5e428","30215.6100118395","No"
"0xca2cebc209bcde7e178cbcddf7f3bbbe1a26fbc7","89.593043155995","No"
"0xcaa05442e6b42fef7b71c11126626c2db746d8fc","112.68382592876","No"
"0xcb1d777067acf8c9a8bf5515e019132042203a4e","0.0469385703795331","No"
"0xcb7dd2bcb71267e0c18f59a65ba4fc92edc89c93","0.948965486115127","No"
"0xcba35d14246eff555029e7e349bec5720b565eaa","4.277300415228E-06","No"
"0xcc9cc43e9f4d5b579f7537a278632f6ee90b0a68","1.6975459778349E-05","No"
"0xccae9d1f197d049a21fcb1a82384a26e59545b6d","0.157311386504531","No"
"0xccbdc6e710eecd5d4bb039965344ada24307840e","3.221217669938E-06","No"
"0xcdcb2bb177b8008cf88ffbc274b5326bcdec7769","3277.4617332267","No"
"0xce9a40ddf377cea7c54d9e5170fbadfd353ddf65","5.4886661489783E-05","No"
"0xcf17566bd328e4609b7e650a5354eca1328ddc16","1275.8556416772","No"
"0xcf63baa1fb49004a091e949e29abb1c19496f73d","1.8603707082E-07","No"
"0xd012a9c8159b0e7325448ed30b1499fdddac0f40","1226953.49114735","No"
"0xd07834e20843843fbd3381cbbb970a0ea5f64c64","105.454926382988","No"
"0xd08d661e292002fbc7c151c97328df5b57bf2e99","2.96870214551E-07","No"
"0xd0ebf765a5a02ca21016f4a025c815bec30bb00f","3000","No"
"0xd1319be49db6da25f8df13fe5babcf43793fbb1b","5.89124896368128","No"
"0xd1421ae08b24f5b24fa97980341dabcadeed3873","4201.18026952216","No"
"0xd1479a710f0d17eaed467b3adb780ce40b388a9d","5305.43516440253","No"
"0xd1533820be9fd2a52c464b05f41fcaa423416461","3.0673597165843E-05","No"
"0xd1a0b66835d830e9ada42eef436f3aa8005b20b5","6.772009666805E-06","No"
"0xd2bbe04f0b7aa5c515e9a7c1ee1b307192a1dbd7","105.908491973764","No"
"0xd2d4867b8886c0cfc3de5ccd5203ec66c6183764","0.00430044853487327","No"
"0xd2ff773580a0d2ce5dbf47faca420737fa069535","1790.89860669952","No"
"0xd31c6189a44a0a7b36549eb34a20f33efc06fe65","3838.90136802934","No"
"0xd341c5be684bfd387fb1874ea821736ddfc4025c","711.210282718252","No"
"0xd3819bba3aa74d72801a7e3f11d3d9ef222a9510","2.1738434601828E-05","No"
"0xd3e7e9aeb766c77dae71404ab7726b74e4f8fca7","11000","No"
"0xd43f709f4d547d58a17963239df6f74916c6ebf9","9.49774883622E-07","No"
"0xd44ab06214dc2c8234022f0b240df8828d859631","259.7725942669","No"
"0xd44fb1b14f98d29d50316703227e937fb58e792d","8.017523241198E-06","No"
"0xd4e16c928a13e70897f63ca8453326aaf46b6f93","31454.6034447635","No"
"0xd51a2a768157e73f58c0ebe8f98c9619b4962e5f","1.1120899142926E-05","No"
"0xd57de9d5e4dfdb188e620733582c6e41de71db77","5.4161150490167E-05","No"
"0xd5d7d4ba0f5fbcc8c2c04d14ece01dc6e6261dc0","0.000271297197931547","No"
"0xd5f6812971692117f581796147d2d3a2a579737c","4000.00003476366","No"
"0xd606452ee5d7ae5f31ee14a7273265db77a1b7f4","0.2264309491414","No"
"0xd644549f75f3889d6e3fb167fe4b66d1cf5ad9ea","50000","No"
"0xd6448f23a4537159d1761cb9a91d1b1dc5c79563","27435.1405172089","No"
"0xd645e1cbf208f0a930572e0457826137089be5c6","3.52051716168E-07","No"
"0xd692e8e0dbd3b4b9dfefe0500f097c17abea4583","3","No"
"0xd69845d90b47c99125e223bd9bf5e0b745dc4000","2000","No"
"0xd6b43af7c095a1e02ab3e9d69426f0bf8fd7cfa2","267.153467218713","No"
"0xd7308325587304fbe7159e0970dd9367d49928aa","7.257380099918E-06","No"
"0xd7463004e0fc54acaa922e9a40fbbb5f29af174a","1444.8456443255","No"
"0xd7c76f7a03375ffd26f15969987e091a27b7e5b0","198991.783686895","No"
"0xd8ae36714c6fce19292350b21c17127694a7d272","1388.07770302735","No"
"0xd93606730dc1fab6fd16879dc93b03f1999e87a6","7.4517475344805E-05","No"
"0xd9b49a81ee72af3c026a2c144c9ffd678a78c8b1","7.188092165E-07","No"
"0xd9b930b96a7390615648d5916e74d37e350ac40d","669.114346191739","No"
"0xd9dbd8c59336932d371988d3af580013ccdbd96f","5.3852979479588E-05","No"
"0xda1480828d9efeb694da1809b1bb251cf5eb7441","0.00567056051694041","No"
"0xda2d3b0a9e2c39e09ac2504df2572b3b28093d56","0.000344982306084111","No"
"0xda35f277202c1ca5213ce2b4a1389cfab8501bec","11.955612248027","No"
"0xdaa3f9c16c2d50da32ed3191aec0816fc09f995a","703.216204344641","No"
"0xdabc0f2c11b9871c1d648b51b88b77fbe6527a7f","250","No"
"0xdabcecc84f5ca6b102a1ef2a5c2cfe8852a4c694","50000","No"
"0xdad72fdfe13dbae66464dc9521f36f0472cf8044","74.9192738687339","No"
"0xdaf0b36082de3a5befbf091e3a1c51d92a1e1e00","500","No"
"0xdb611d682cb1ad72fcbacd944a8a6e2606a6d158","8.73385195091E-07","No"
"0xdb668b5c11cbf68c51c499058577132b9859e1f9","49895.6824594259","No"
"0xdbfb0785366262f4736bcb5757cb20f0065c4dd1","0.000729320431325581","No"
"0xdc1e9a21b7ed8dfb87c997e7d0405e2cfcfa8938","1675.99800072041","No"
"0xdc6a5b3da5c6c4ca0204bac74654be877eebec04","2116.8247580102","No"
"0xdd6edb511bab051fbf307bf13ad54c6cb26eece1","408.344428659894","No"
"0xdd7513f271edbbc215ad3dd7c27c0f086e6734c4","9.2845940416806E-05","No"
"0xddfb8404019da82ed3cce9ee69c4caa5b86b8601","3000","No"
"0xde116d215cdac2038dd45611c5f80b3141c258db","4.9016997694854E-05","No"
"0xde6177d389731551a0cb4dfb014656db97e554b3","34165.4228184539","No"
"0xdf29ee8f6d1b407808eb0270f5b128dc28303684","4.2241054760213E-05","No"
"0xdf34b1026be58b1ea4eb4c090f2262e5fa9b6186","380.088852563873","No"
"0xdf98b5c11764a41d6d29423f851ea2d55d0edd83","135","No"
"0xdffd8bbf8dcaf236c4e009ff6013bfc98407b6c0","9.152498888192E-06","No"
"0xe03b8e28824eb6794e3ea70dd0daae0cd807d86c","50000","No"
"0xe1a29af25dd37d1ad2db9cb47a6536b08fa6a20f","5.86493430471E-07","No"
"0xe1b36b8ec75be201a46da911d561e4cd84e1565e","1255.87778166298","No"
"0xe239b3d8ee1906ed368a548be0e0911b6cb3ab72","0.000692500916997827","No"
"0xe36fd63e83d9ee7983840f39425923ccd305c50d","22287.7558365857","No"
"0xe38abda136f7a9cb8718d58923d1e2d97e0ca586","5.446452806398E-06","No"
"0xe3a6c906a3f13588ed44de67dba7dc7e49bd1459","521.61886934477","No"
"0xe46c821441771cf14f1d07602b27c64ca3341a12","30000","No"
"0xe4ff29fc87adbd89e0336235dfcd69c4898888ac","9.7244936888159E-05","No"
"0xe51b242853126c4dab6a08fdde0caea122eb9dd7","3.86839469303467","No"
"0xe5f0452a677e05f648642b83f1c2d7bc959c6f7c","5.6542257253E-07","No"
"0xe620502fd3172314e70e75de23e45e289659944e","0.000449654216670803","No"
"0xe6a0d1bbdd7ed02ff15adb30314edbca6b1f8be0","577.07118577487","No"
"0xe7244ec0602b0815ce46ff554df34cb5a1d591c5","0.212641060141788","No"
"0xe783d9f27c9baa28b630f639f9259a8163a1ac78","6.98825613332E-07","No"
"0xe78705fa043687cbd7b907d91730d1fe5ce66365","4.33753579216762","No"
"0xe7ce49b0ce6a3c4b9e1c362a614661399b9bab71","19803.3155235588","No"
"0xe86bf86fae09709793ce800496e6dbb58880472d","237.733464328714","No"
"0xe8a147326f5c0d039dfca321b4ebf6ac66482761","11.0178206431376","No"
"0xe8bf4f05ef29ef3c8c29a4a2a53178ba7cdf1322","0.00410006617145271","No"
"0xe915bcc9bd87d92d442bde0d2390bff23485dde4","8857.20656506902","No"
"0xe97b3791a03706c58f5c6bc3554213c3e6eb8550","38426.6595444711","No"
"0xe9ba07c6a2acb3c334fe68ac99b7b95f36c39298","4394.7085050019","No"
"0xe9ccc30bd0ebdca3ff9c4fdcbcc6aa5adbf94405","197.258905299852","No"
"0xea611e681b294c2e2137ef14b782a9e80cc6a44f","0.000532012136907863","No"
"0xead57b86f16bd573b0b37d2b5524812bfbfd10a5","48952.5390844197","No"
"0xeb22128673c843aab4b55c3f8cdb8ff2efa4855f","395.763581740754","No"
"0xeb6918bb6f5f3b1980adcd2a17cabcc94afadf2d","6238.10558762187","No"
"0xebd54d3241519e0db86ec3e23e6babbee64df0f5","3.19552841352E-05","No"
"0xebe2aca35088682db08149e296281118ff6026d7","1734.03348998811","No"
"0xebee4f36313240fb6146cb1fa64bb9295ca76f98","2003.91840039388","No"
"0xed2c95209938ec8d2430ff39252f13ed07992904","17.0270260876662","No"
"0xed47e1f7fd024e35f5db9d1f53c1abbc855ff06e","1.763737509298E-06","No"
"0xedbfd7e27ac2e0d5e221ad524c817d432a546064","10907.4734345099","No"
"0xee4076e241a03aa624a2049312c0ec3a25c69227","0.000176463288282792","No"
"0xee443c0c489e8a18a15461f7355cead408c14264","7.12942935763E-07","No"
"0xeeabc8730fbbf45089c8a08da19f8ae551d65086","7612.97267924539","No"
"0xeeb991702e3472166da495b22f3349a7a3aa638a","4.570500909594E-06","No"
"0xef5eda43d5acf021c22a487aa442c5ff93a13cb0","4632.48542981607","No"
"0xef6b2abfbb8d34d9d96a403d35417fab21ab889d","619.891953326398","No"
"0xefdc4ad9024244ea879169356160e03b06c94225","2919.43472546956","No"
"0xefdea60c8007af031f4faf404b69fc1a0fbd576a","0.000913725936461149","No"
"0xf0142fecd89e3f5d50ae8f0f5d04cadcdf62bddd","6.407843695821E-06","No"
"0xf01e07ae42369175a986bb13fb3e097d0724f74a","5.255513865216E-06","No"
"0xf059b59bdbec91d83c558b4a3cd3c1c6e275f2f1","2.549388381E-08","No"
"0xf0c6380e27752c6dde17e9f5b629620084b9a196","23.1308963015843","No"
"0xf105dc3a234eac3830d1dd2d1e98ea4ff3939e89","438.590620395573","No"
"0xf1e7d3703b6a6be8d518a94cba3479d7ac4a11d0","12536.7513496036","No"
"0xf202be18d1bdcab2e025e4487ebe92fb9cc75c91","1.867467349954E-06","No"
"0xf220404cdecd90e78a280b2f13f0f9cd3336b1e0","9.721035249158E-06","No"
"0xf22d51ebcc44dd12c1b86b66908ab48c081b9312","1.56252857779E-07","No"
"0xf2327b04521589f505c7074c163805843a4bd6cd","962.003991206081","No"
"0xf28f707811558ea7cfa9da5b577de1406a2ed924","4.792882003114E-06","No"
"0xf2b067c107283abc3ce06396222dce0909ba1aee","0.000843472170276752","No"
"0xf3141d7cac25991fc59c39b91aa317b120e07dfd","7.650231792705E-06","No"
"0xf3d0cb1b3db63a5f98a0ecb05d0d9f263058b7cb","42.9259108019752","No"
"0xf3debd893d3788c3b700e3f2ae7ec2c7619a35db","2620.44301815284","No"
"0xf40042af88817acefdd0160f4070e490695bbcc4","3.21098680923E-07","No"
"0xf4882f3af1c2d00025a215bb01de7267b45cfe71","399.657000598873","No"
"0xf4c9c5229356d39b4f852ecf6e08576eebedb0ec","2.3020572767221E-05","No"
"0xf4e97a35b353fdb8b12ca5b7aed7335d971270eb","0.11291255932269","No"
"0xf5205b9144eb438f7170113288ccab67641c6fc4","2330.19375777194","No"
"0xf6d3eedaa7f76db38eb0f1583aee963e124caf5b","3789.20899054625","No"
"0xf774e9114b450c45a08e378c4881cebbd27b3086","272.343054016453","No"
"0xf7ead4d9d15b0f2c658f82ae340d697847a4f24d","8.14652296033E-07","No"
"0xf8249b8d751f54dc7b317603ffffc4cbd093c543","4.3137919102794","No"
"0xf83074d0a4ac5b7aa1a6a16a5d89ffabff1eb6d5","0.262542534820005","No"
"0xf87d136ff141abb628163c36d4d06bcd84955e72","10.628213064771","No"
"0xf8de1e04e35d3059ed38a80c23a85884c3a12833","2556.3383996573","No"
"0xfaf186d5f88e60d77a842d8816ba07c8fe7b9c79","5.52730121482E-07","No"
"0xfafe7a735b6b27aea570f2aebb65d2c022970d65","0.00013874299616745","No"
"0xfbcde59cfddb74fe367876400f1b74ce459a2d78","18988.3041271917","No"
"0xfbe6915fb22dfe6b42a7c50b43b45bf692681e5d","5.29992815574E-07","No"
"0xfbec481fded250b4d7595a1d65b2e95802076083","1646.52489704528","No"
"0xfc15ac6b90da461d294e08995f2bf9fbf943fc1d","6.3780712E-11","No"
"0xfc99c0c8d697ab7a7262640145f453c988d36b75","4.7292197845598E-05","No"
"0xfc9d38f6a53aa4bf14c99ffed17035acc766cce4","1912.97641746909","No"
"0xfd2a7511813c319ec598cfd05ae4be7260e72eaa","4.283339580801E-06","No"
"0xfd690e9413c4153f8b0cb0c5a05a1f560f646d98","2.43825485528E-07","No"
"0xfd7a5c211ac4a00182aba2e92e1ccb0daacf8ab0","78889.0661024536","No"
"0xfddd75cfbfc8de9483f1d3e7d0a369383d90329a","1.888678304351E-06","No"
"0xfe228d8e56ad80b20310d69461cacd44d32bdd6d","223.623555087393","No"
"0xfe6c093c918d4b2ae3a4eb550f2d6c1501ceaf85","2.8365878940532E-05","No"
"0xfe819920199392cdd911acdaed84b38f30e27562","3.968693267199E-06","No"
"0xff18311ccdbe86e54d266f07eaec2668bee9f9f3","7.63095012819529","No"
"0xff2ed5d20d3340bcda9c7cd1d533abc34467bdc9","8.511047079012E-05","No"
"0xffa3bc76a1acac3e2e3102fb6272f2bd832fc011","3.71840433195312","No"
"0xffcfa5f7b994aeb4c6931e0a6cd95d8984e038ce","7.3687532154E-08","No"
"0xffd8f75b0d871c70964db76dd4d47cb8e4029e6d","1.2045751071065E-05","No"
"0xffdef983c3a37254c26d8e2e0bb5d41f568da5a7","40412.4581103843","No"
"0xfffa889f71003f256f0e14b48e54fa2dad1f2ff0","7.87132636461E-07","No"
